,file_names
0,july15_july16.csv
1,july5_july6.csv
2,may25_may26.csv
3,december7_december8.csv
4,april4_april5.csv
5,november1_november2.csv
6,april26_april27.csv
7,august13_august14.csv
8,july10_july11.csv
9,may15_may16.csv
10,september5_september6.csv
11,october29_october30.csv
12,september10_september11.csv
13,november10_november11.csv
14,august12_august13.csv
15,october12_october13.csv
16,april13_april14.csv
17,august21_august22.csv
18,april1_april2.csv
19,december25_december26.csv
20,august3_august4.csv
21,july30_july31.csv
22,november16_november17.csv
23,october15_october16.csv
24,june3_june4.csv
25,april7_april8.csv
26,august14_august15.csv
27,april9_april10.csv
28,july27_july28.csv
29,december23_december24.csv
30,october16_october17.csv
31,july9_july10.csv
32,may13_may14.csv
33,march26_march27.csv
34,june26_june27.csv
35,august26_august27.csv
36,august15_august16.csv
37,november22_november23.csv
38,september3_september4.csv
39,june5_june6.csv
40,april23_april24.csv
41,october11_october12.csv
42,march28_march29.csv
43,june30_july1.csv
44,july21_july22.csv
45,june19_june20.csv
46,december11_december12.csv
47,july29_july30.csv
48,october8_october9.csv
49,may9_may10.csv
50,october17_october18.csv
51,november24_november25.csv
52,august17_august18.csv
53,august20_august21.csv
54,december31_january1.csv
55,september20_september21.csv
56,september2_september3.csv
57,november23_november24.csv
58,september30_october1.csv
59,august8_august9.csv
60,july24_july25.csv
61,june28_june29.csv
62,november2_november3.csv
63,april16_april17.csv
64,december2_december3.csv
65,december22_december23.csv
66,july31_august1.csv
67,november9_november10.csv
68,november11_november12.csv
69,may23_may24.csv
70,september4_september5.csv
71,november5_november6.csv
72,december24_december25.csv
73,december5_december6.csv
74,april18_april19.csv
75,august9_august10.csv
76,july3_july4.csv
77,august6_august7.csv
78,november17_november18.csv
79,december18_december19.csv
80,december4_december5.csv
81,january8_january9.csv
82,may20_may21.csv
83,september12_september13.csv
84,june25_june26.csv
85,november4_november5.csv
86,july6_july7.csv
87,december19_december20.csv
88,july22_july23.csv
89,september15_september16.csv
90,july13_july14.csv
91,april21_april22.csv
92,september27_september28.csv
93,may26_may27.csv
94,december17_december18.csv
95,may16_may17.csv
96,august23_august24.csv
97,november18_november19.csv
98,october13_october14.csv
99,april24_april25.csv
100,october10_october11.csv
