,id,tweet,sentiment,date
0,1.3274751194894295e+18,"Friday 13th 2020 night ...ğŸ™‚ğŸ‘...on the way home from work..! 
#fridaynight 
#friday13thnight @ West Hollywood, California https://t.co/mVNNCeMNH4",0.0,november14_november15
1,1.3274766667053343e+18,#djAntBreezy #djlife #socialdistancing #drinksğŸ¹ #OvertimeSportsPub #saturdaynight #raleigh #comeplaywithme #itstheweekend #dancing #drinks #overtimesportspubraleigh @ Overtime Sports Pub Raleigh NC https://t.co/A247i1jMiJ,0.6000000000000001,november14_november15
2,1.327481142006608e+18,"Watch the game with us @dublinsquareel 
Doors open at 11am!
#msufootball #gogreenğŸ’š #irishpub #gamedayğŸˆ #fall2020 #saturdayvibes #dublin #supportsmallbusiness #wearamask #stayhealthy #keepusopen #eastlansing https://t.co/3y4p77nZCl",0.08333333333333333,november14_november15
3,1.327481143113904e+18,"COVID-19 update @ Queens, New York https://t.co/pxbU1fBqvh",-0.25,november14_november15
4,1.3274813938744975e+18,"COVID-19 update @ New York, New York https://t.co/BpBAhj42QY",0.0,november14_november15
5,1.3274847052397486e+18,"Yep! Lock up the toilet paper! Itâ€™s pandemic time! 

#seenatthereststop #covid_19 @ New Mexico-Arizona Stateline https://t.co/iexnbPFUjH",0.5,november14_november15
6,1.3274920890897203e+18,"Catting around in a pandemic @ Las Cruces, New Mexico https://t.co/eTqu2DxbnV",0.2083333333333333,november14_november15
7,1.3275018739270902e+18,"??? vs @UCLA #RoseBowlStadium With games cancelled due to #COVID-19, Who will UCLA play? Previewing this #strange #2020 #CollegeFootball  #pandemic season. #LosAngeles #Pasadena #California #PhotogByrdLifeğŸ¥ https://t.co/aVa7dfKuVG",-0.1875,november14_november15
8,1.327501965526528e+18,Well I think we have done a FANTASTIC job here in Florida! We are preventing the CHINESE virus and doing a great JOB! #ftlauderdale #florida @ Booze Garden https://t.co/Y3TX28e7LG,0.0,november14_november15
9,1.3275103334145434e+18,"I C U. Wear a damn mask! @ Salt Lake City, Utah https://t.co/SUUAuBLYvN",0.325,november14_november15
10,1.3275108414872822e+18,Also got a little covid fan participation tonight. They were a little rowdy. #gkp #2020stnorbertvolleyball #stnorbertvolleyball #sncvolleyball #2020covidseason #volleyball #fans #gogreenknights @stnorbertvb https://t.co/FiL2OKCMxY,0.0,november14_november15
11,1.3275151835358413e+18,Donate to my PPE by 11/21/2020 NEW @ Boogie Down Bronx https://t.co/BA8PfuwZLk,0.25,november14_november15
12,1.327515395373273e+18,"Lockdown 10 minutes practice day 6
Post work out mobility. Working on my deep squat, hips, knees ankles. Using counterweight to help early on! Improve range of motion @ Augusta National Golf Club https://t.co/PchDZBNQD7",1.0,november14_november15
13,1.327518189618598e+18,https://t.co/e6fdsNb08b ğŸ‘ğŸ¾ğŸ¤”ğŸ˜·ğŸ€ @ Bloodline Entertainment https://t.co/MHDQuWZS6k,0.0,november14_november15
14,1.3275182599066378e+18,"Our lovely staff matching dress tonight #TGIF
.
.   
.   
.
.
#foodporn #foodies #healthy #eaterla #foodgasm  #shoplocal #thai #thaifood #losangeles #ucla #westwood #covid19 #supportlocal #shoplocal #emporiumthai https://t.co/WftgJ9ao22",0.09659090909090907,november14_november15
15,1.3275202631693148e+18,Fam y'all governor don't even follow these rules but y'all want a lockdown?,0.1,november14_november15
16,1.3275227923974472e+18,"It was great going out there today. First time playing on the snow . 2020. Covid times. #snow #snowshoeing #snow2021 #goldcreekpond #pnw #seattle @ Snoqualmie Pass, Washington https://t.co/UOKg5LNj2b",-0.05,november14_november15
17,1.3275255615188664e+18,"I C U. Wear a damn mask! @ Salt Lake City, Utah https://t.co/mjnZNXeCYV",0.07142857142857142,november14_november15
18,1.3275255625213297e+18,"@ExilePasta @abc15 Yeah, heâ€™s my local idiot Sheriff. Refused to enforce lockdown or mask reqs and then got Covid, and now nepotism to get his kid out of the trouble he deserves.

Pure hypocrisy",0.033333333333333326,november14_november15
19,1.32752725690701e+18,"Day 1-  Horse Sense &amp; Healing clinic with Monty Roberts for veterans &amp; first responders...  Veteran suicides have increased 20% during pandemic. @ Solvang, California https://t.co/SyMVGpAPlG",0.13333333333333333,november14_november15
20,1.3275275150328586e+18,"Just when this was being planned.
Shows being cancled.
Damn this corona! @ Tucson, Arizona https://t.co/YZ0Jqkuk9P",0.4,november14_november15
21,1.3275283281447117e+18,Dope work. nerdlife #n3rdlife #videography #photography #cosplay #writerslife #comics #filmmaking #creativity #instagramaz #arthaus #covid19 #maskup @ Grand ArtHaus https://t.co/I6QdpvFeRI,0.1,november14_november15
22,1.327530145608061e+18,"Karaoke night for oneâ˜ºï¸ğŸ¤ğŸ¤ğŸ’™
.
.
.
.
#Tiktok #Nada #LateNightMood #Popmusic #SingAlong #Karaoke #LA #Bored #Friday #StayHome #Music @ Los Angeles, California https://t.co/47XDX34gJf",0.1968253968253968,november14_november15
23,1.327530343201706e+18,@missyleone @MrTinDC What better time to be trapped at home than during a pandemic?!,0.55,november14_november15
24,1.3275357230214308e+18,Youâ€™re no good 2 me Dead but hey corona hurts just as much as the Fluuu ğŸ˜·ğŸ˜„ğŸ˜‚ğŸ¤£ğŸ˜‚ğŸ¤£ğŸ˜… #YungLizzie @ Home (Bronx) https://t.co/P0bZJztdGF,-0.2083333333333333,november14_november15
25,1.3275359567281807e+18,https://t.co/nFOnLgmSDc #Facts @ Bloodline Entertainment https://t.co/kY4viW0AY1,-0.08333333333333333,november14_november15
26,1.3275385387459133e+18,@alaskutahn There seems to be some confusion that the initial 2 week flatten the curve and that it wasnâ€™t meant to eliminate the virus ğŸ¤”ğŸ¤”ğŸ¤”,0.5,november14_november15
27,1.327540116873769e+18,If youâ€™re out partying tomorrow night join me at @moxynashvilledowntown from 7.45pm - close before covid comes out to play lol! Letâ€™s have fun!ğŸ¤ŸğŸ¾ğŸ¤ŸğŸ¾ğŸ¤ŸğŸ¾ @ Moxy Nashville Music City https://t.co/uQ0BZA2kNx,0.1604761904761905,november14_november15
28,1.327541251151962e+18,"Podcast: Taking stock of the post-quarantine flip effect: This week the Silicon Insider podcast pair, Mike Malone and Scott Budman tackle a Silicon Valley trying to make the flip from quarantine back to realÂ ... https://t.co/50Ucujvtse",0.525,november14_november15
29,1.3275429047479132e+18,Another thing...ARM SECURITY #videography #photography #cosplay #writerslife #comics #filmmaking #creativity #instagramaz #homeless #homelessness #homeinphoenix #Phoenix #covid19 #tentcity #armgaurds #nomask https://t.co/XYNWPkcP41,0.0,november14_november15
30,1.3275486753888215e+18,Got a covid test and now less than a week later I have a sinus infection. Sterile swab my ass!,0.0625,november14_november15
31,1.327548963457626e+18,Just posted a video @ Corona Barbershop Plus https://t.co/Zsl5qbN8ub,0.0,november14_november15
32,1.3275492722634465e+18,#djSteve #djlife #karaokeğŸ¤ #saturdaynight #raleigh #comeplaywithme #socialdistancing #itstheweekend #dancing #drinks #jdstavernapexnc @ JD's Tavern https://t.co/RUNUJSnJjs,0.6,november14_november15
33,1.3274781686981714e+18,"Hands down, the ONE gift everyone needs in their stocking.#mk30days #washyourhands #satinhands #singthealphabetsong #mymklife @ Austin, Texas https://t.co/1RGgRYODzG",0.13636363636363635,november14_november15
34,1.327478306132816e+18,"First covid-19.... Negative. @ San Diego, California https://t.co/czKApkOPfi",0.13636363636363635,november14_november15
35,1.327481142006608e+18,"@neszero @pennjillette @urzapolariz @MrTeller .. hoops in order to film the next season of Fool Us. Iâ€™m sure the moment anyone on the production of the P&amp;T show felt uncomfortable theyâ€™d slam hard down on the brakes. Vegas survives on tourism, but as this pandemic gets worse, weâ€™ll see less &amp; less leisure traffic in Vegas.",0.08333333333333333,november14_november15
36,1.3274813938744975e+18,Pozole verde de pollo (recipe from the beautiful @mexicoinmykitchen book) #quarantine #whatsfordinner #soupweather @ Francisville https://t.co/dlPVXHwHH5,0.0,november14_november15
37,1.327482365501911e+18,"I'm so over 2020 and the damn Coronavirus. @ Sioux Falls, South Dakota https://t.co/UyJ1OgvHcA",0.45,november14_november15
38,1.3274871503010447e+18,"ğŸ“½:@theshootersmd
COVID kinda tripped me up.. I was supposed to be wrapping up a video for 'RACC' N UP'  It ain't nothing to a real one tho.. check out the teaser...once I'm outta quarantine..its back to gettin it. https://t.co/TGo62HOhsS",0.13636363636363635,november14_november15
39,1.3274895123988726e+18,Just posted a photo @ Quarantine Nola 2020 https://t.co/vsOJH6WN6m,0.5111111111111112,november14_november15
40,1.3274915126624297e+18,"Missing life before COVID ğŸ¥º
.
.
.
.
I hope everyone is staying safe though. Lots of love â¤ï¸ @ New York City https://t.co/oKvofMa7FC",-0.0875,november14_november15
41,1.3274958656074383e+18,Worth checking out! Coping with Covid-19. Wednesday at 7pm. More information in Engage #ActiveMinds #ICCareers #Covid19 @ Ithaca College https://t.co/X0HspzdpOA,0.033333333333333326,november14_november15
42,1.3275022974762926e+18,"Because of the holidays and covid and being a starving artist prints are half price that's $300 and I'll send it to whoever you want, happy holidays everyone @ Austin, Texas https://t.co/n1JeTsmArX",0.5,november14_november15
43,1.3275079020268872e+18,We have launched our food menu! Available for take out and delivery until COVID restrictions change. @ Blind Ox Taphouse https://t.co/IAVT3LE8Hc,0.0,november14_november15
44,1.3275113977150792e+18,"Accident, right lane blocked in #Corona on I-15 NB before Magnolia Ave, stopped traffic back to Ontario Ave #LAtraffic https://t.co/e2e6MWkOvI",0.125,november14_november15
45,1.3275227923974472e+18,"#pandemic #covid_19 #staysafe #stayhome #cancelthanksgiving @ Bethesda, Maryland https://t.co/MgdCsakf9h",-0.05,november14_november15
46,1.327522969996972e+18,"In-Person Praise and Worship Service on Sundays at 11:00 AM. Our address is 2378 Dogwood Dr. SE, Conyers, GA 30013.  All ages are welcome to join us.

We follow the recommendations of the CDC for COVID-19 https://t.co/vCvwaAz6Mh",0.0,november14_november15
47,1.3275255615188664e+18,"This is serious people! The COVID-19 pandemic has not grown weary despite all attempts to just go back to normal interactions. 

#maskupmiami
#gettested
#wearamask
#stayhomestaysafe
#BOMA @ Miami, Florida https://t.co/mmPZDOz320",0.07142857142857142,november14_november15
48,1.3275298693502198e+18,Awww I smell so many people's karma coming ğŸ§˜ğŸ½â€â™€ï¸âšœï¸â˜•ï¸ğŸ’…ğŸ’™ğŸ”µâ„ï¸ğŸŒ¬ @ Quarantine Nola 2020 https://t.co/79IMXVKOSe,0.75,november14_november15
49,1.3275299602911355e+18,A restorative week comes to an end. @anneloftus came through again with the birthday getaway (COVID-19 edish). #tinyhouse #jerseyshore @ Highlands â€“ Sea Bright Bridge https://t.co/JTyjQd38Cz,0.0,november14_november15
50,1.327530343201706e+18,"After 5 years here I still pull over on my way home from work to take pictures. #eastcoastsunrise #belchertown @ Belchertown, Massachusetts https://t.co/GtmXVlJylH",0.55,november14_november15
51,1.3275317443047834e+18,With my lucky Saturday vibes Doggie love ğŸ’• ğŸ˜Š #lucky ğŸ˜˜ ğŸ™â¤ï¸â¤ï¸ #covid_19 #staysafe #prevention #mask #muchneeded #stop #quarentine #safe #vegasstrong #peace #love #weareallinthistogether #djlizclark @ USA https://t.co/8Hm9HytO0o,0.0,november14_november15
52,1.3275359567281807e+18,"Plan Your #RPI Transition ğŸ“Œ 

ğŸ“† Schedule #COVID19 Test
ğŸ†— Obtain Negative Results 
ğŸ“¦ Pack Up &amp; Head Home 
ğŸ˜· Stay Safe Over Break 

#LetsStaySafeRPI #Rensselaer #HigherEd #SAChat #RPIConnects https://t.co/QhivBCm1YK",-0.08333333333333333,november14_november15
53,1.3275370904611348e+18,"Inside #OperationWarpSpeed's $18 billion sprint for a #CoronavirusVaccine, that's delivered jack shit!

https://t.co/9unhgSTCy5 #COVID19 #BioTech #BigPharma #Medicine #MedTechn#SARSCoV2 #Coronavirus #Vaccine #Vaccines #Pandemic",0.2,november14_november15
54,1.327538492533072e+18,"WHAT IF ... in the desert of this pandemic season God wants to surprise you, show you new things, and shower you w fresh awareness of his presence? @ Paradise Valley, Arizona https://t.co/Wejh6dacV9",0.475,november14_november15
55,1.3275404097240637e+18,"Thanksgiving 2020 is not cancelled. Cheffy's has the PERFECT solution; no stores, smaller gathering, staying social while distancing, no stress.  visit https://t.co/G9DMVMGBqK @ Cheffy's Atlanta https://t.co/kTYEQ8Lc8q",0.0,november14_november15
56,1.3275429047479132e+18,"LAUSD is offering all employees, students and their families FREE Covid 19 testing today. You MUST make an online appointments, bring ID with you to the testing site. #covid_19 #covidtesting https://t.co/IHC26jU4Ou",0.0,november14_november15
57,1.3275443095880458e+18,Corona NY Sat Nov 14th AM Forecast: TODAY Mostly Cloudy Hi 45 TONIGHT Partly Cloudy Lo 31,0.0,november14_november15
58,1.3275486753888215e+18,Just posted a photo @ Quarantine Nola 2020 https://t.co/B6zLXEqY8B,0.0625,november14_november15
59,1.327548963457626e+18,Who you are and act this year is who tf you really  are ğŸ§˜ğŸ½â€â™€ï¸icu @ Quarantine Nola 2020 https://t.co/OAszTn2RQQ,0.0,november14_november15
60,1.327475554166186e+18,Letâ€™s end 2020 on a POSITIVE note!!! Itâ€™s been a crappy year with COVID-19! But here is a ray of sunshine and hope! Help Bless those in need! Anything helps! Proud of you @soulfully_nat ğŸ˜˜ğŸ˜˜ https://t.co/3lLX5ZiWi1,0.04214015151515151,november14_november15
61,1.327476737953788e+18,"Giving back to the community at Bread of Life, Inc. 
FREE PANDEMIC RELIEF BOXES GIVEAWAY 
THE BREAD OF LIFE 
2019 CRAWFORD STREET DOWNTOWN.
1 BOX PER CAR. 
8AM TO 12NOON OR UNTIL IT'S ALL GONE https://t.co/4SHTHYEXBw",0.0,november14_november15
62,1.3274781686981714e+18,Enjoying my favorite Las Vegas dim sum lunch experience - Orchids Garden!  Itâ€™s great even during pandemic ... especially during pandemic! #vegas#dimsum#orchidsgarden @ Orchids Garden https://t.co/vPgbNpDBC0,0.13636363636363635,november14_november15
63,1.327481143113904e+18,"ğŸ’¦ğŸ’¦ğŸ’¦ğŸ’¦ğŸ’¦ğŸ’¦â˜”ï¸â˜”ï¸â˜”ï¸â˜”ï¸â˜”ï¸â˜”ï¸ğŸ’§ğŸ’§ğŸ’§ğŸ’§
Somebody gonna have to physically take my phone ğŸ˜‚ğŸ˜‚ğŸ˜‚ğŸ˜‚ğŸ–•ğŸ¿Zuckerberg always still
#FreeSpeech #Antiracist #antifascist #Sapiosexual you dumb mfs @ Quarantine Nola 2020 https://t.co/FOmDmT0Mro",-0.25,november14_november15
64,1.327481144229589e+18,"When in quarantine... #itsforthekids #quarantine #whenyoualsohaveacat @ Windsor, Colorado https://t.co/tXfO32DQcD",0.0,november14_november15
65,1.327482365501911e+18,"I know the game canceled 
Thank you God cause they gonna roll over our assesğŸ˜·ğŸ˜·ğŸ˜·ğŸ˜·ğŸ¤¦ğŸ¾â€â™€ï¸âšœï¸ğŸ’œğŸ’›#GeauxTigers @ Quarantine Nola 2020 https://t.co/mlQb1maRRz",0.45,november14_november15
66,1.3274843789314744e+18,"ICYMI: Effective yesterday, we adopted State Executive Order 176 which extends Phase 3 through 12/4 &amp; reduces indoor mass gatherings to 10. Please follow safety guidelines during the holidays including wearing masks, social distancing &amp; washing hands: https://t.co/w8gRjClqx2 https://t.co/rdFOdeDqdv",0.5,november14_november15
67,1.3274847052397486e+18,"Sigh. Not shocking, but still... â˜¹ï¸ https://t.co/drYhQxQJaf",0.5,november14_november15
68,1.327487600823853e+18,"We are going under lockdown again Monday for at least 2 weeks.  Now is the time to get stuff to keep busy.  Puzzles, minis, comics, games...We have it all.  If you can't get to the store before Monday, we will still be offering curbside pickup &amp; delivery.
https://t.co/zXycCGia0J https://t.co/TJWbqivQy4",0.13636363636363635,november14_november15
69,1.3274920890897203e+18,Costco to get Sam's Rx and lay in supplies. They open at 9:00. We  arrived at 8:40. There's another line the other way. #covid19 #lockdown @ Costco https://t.co/wJVxAmmGYc,0.2083333333333333,november14_november15
70,1.3274938562130207e+18,"""There are two ways you can report non-violent crimes without coming into direct contact with MPD personnel."" How to file a DC police report for a non-violent crime the pandemic  https://t.co/MWl2eaNzDi",0.0,november14_november15
71,1.327494545236521e+18,"Making fall floral arrangements with friends is fun! ğŸ

#fall #autumn #falldecor #centerpieces #mums #carnations #forage #pumpkinvase #pumpkincarving #pumpkin #fridaynightwithfriends #socialdistancing #masks https://t.co/hmGY25Yop9",-0.009595959595959616,november14_november15
72,1.3274952342891684e+18,"How big is your Covid19 bubble? ğŸ˜· #wearamask #stopthespread #covid19bubble @ Ithaca, New York https://t.co/B0dgLzJeEx",-0.08636363636363638,november14_november15
73,1.3275000164920484e+18,Who is taking a vaccine?? It takes 10 years to establish a real vaccine. Companies throwing darts against the wall https://t.co/7YRJG9D3Fk,0.0,november14_november15
74,1.327501965526528e+18,"Met up for some #drinksğŸ¹ with my #girl @misisthomas @brasstapvv ğŸ¥° #greattime ğŸ¥³ğŸ» #Release from #covid_19 #thankfulgratefulblessed ğŸ™ŒğŸ¾â˜ºï¸ @ The Brass Tap Vacaville, California https://t.co/JLNlOxgU7Y",0.0,november14_november15
75,1.3275022974762926e+18,"Sometimes you just wanna wear makeup, even if itâ€™s hidden behind a mask. #lovethyself #pandemiclook #girlsday #epsteindidntkillhimself #selfie @ The House Of Ham https://t.co/mBRETmtRRp",0.5,november14_november15
76,1.3275033384228086e+18,"But you gotta go to work, but not from home ğŸ¤·ğŸ»â€â™‚ï¸ #Saturday #Morning #Coffee #Yupp 
Taken by: @patrickrg8 @ Heine Brothers' Coffee - Blankenbaker Parkway https://t.co/m1JBF6d2tj",0.0,november14_november15
77,1.3275106553861857e+18,Got to do my own kids portraits this year! What a bonus! #schoolportraits offered by SSM Photography due to Covid restrictions at school. @wissnation #wissahickonhighschool #wissahickonmiddleschool #schoolpictures https://t.co/UricVjFVDp,0.0,november14_november15
78,1.3275108414872822e+18,My Governor is literally doing nothing. https://t.co/c1ieDzz31B,0.0,november14_november15
79,1.327515395373273e+18,"To save time in line, first visit https://t.co/224qgDT8yR! Nov 14 | Coronavirus Testing Sites in the District  https://t.co/tN3yJPgr5o",1.0,november14_november15
80,1.3275227923974472e+18,"Check out the new song â€œLateNightâ€ let me know if yâ€™all rocking with it! Link in bio ğŸ’¯ğŸ’¯ğŸ¶
Photo creds: @gaprisun 
#latenight #losangeles #neon #music #hiphop #culture #covid_19 #2020 @ Los Angeles, California https://t.co/DDNHv5XvaE",-0.05,november14_november15
81,1.3275255615188664e+18,Girls Night Out(wear your mask)ğŸ¥°This feel good vegan leather skirt is a MUST HAVE this season. Stop by the store or on our siteğŸ‘‰https://t.co/dgiX3k356o @ Cocoa Couture Boutique https://t.co/J8iQ0FvcCJ,0.07142857142857142,november14_november15
82,1.3275255625213297e+18,"Need this darn wisdom tooth extracted ğŸ˜¢ğŸ˜© (@ Work From Home Desk in Detroit, MI) https://t.co/2ZEar4ePVj",0.033333333333333326,november14_november15
83,1.32752725690701e+18,"November 14, 2021 for those losing track of time. 67 days till the rebirth of the United States of America! Be safe, stay healthy, wear a mask. @ Brandywine Park https://t.co/c32nnQzg6e",0.13333333333333333,november14_november15
84,1.3275275491619185e+18,Friday's Lenoir County COVID-19 results  https://t.co/CLeHPp3DOe,0.27878787878787875,november14_november15
85,1.3275288035396977e+18,"Pandemic #breakfast @ Old Irving Park, Chicago https://t.co/aCVJTHjmcJ",0.0,november14_november15
86,1.3275293684077158e+18,"#Covid testing site line. 8am on a saturday. Holy crap. #wearamask #ffs @ Aurora, Illinois https://t.co/BhUhfs48YS",0.0,november14_november15
87,1.3275298693502198e+18,"how big is our quarantine cookie? bigger than your phone. 
what's in our quarantine cookie? caramel, potato chips, pretzels and chocolate chips. 
hurry before they're gone... 
ğŸ˜·âœŒğŸ¼

#WearAMask @ Uptown23rd https://t.co/XACre4g2rX",0.75,november14_november15
88,1.327530343201706e+18,Acceptance is the answer to all my problems today ğŸ˜‚ğŸ˜‚ @ Quarantine Nola 2020 https://t.co/GbKLyEoA56,0.55,november14_november15
89,1.3275336438966436e+18,"Foetal cells have involved in drug discovery since the 1960s, yet the controversy surrounding their use has only grown. Now, the debate enters the White House https://t.co/yRpg0aLmni",0.0,november14_november15
90,1.3275349956831027e+18,"New day party alert. Each and every Sunday at @fantasydrinklounge is reggae Sunday alongwith myself on the decks. Wear your masks, get some drinks and food, then go lounge while practicing social distancing. https://t.co/8b8DdfHwfR",0.75,november14_november15
91,1.3275357230214308e+18,"New reality? Rapid care tests every week just to keep working in the service industry. People need better solutions and help, but we will only get past this working together! #wearamask #lifeinthetimeofcovid19 https://t.co/vv0GcGBKH3",-0.2083333333333333,november14_november15
92,1.3275359567281807e+18,Just posted a photo @ Quarantine Nola 2020 https://t.co/7rXDC6ztuB,-0.08333333333333333,november14_november15
93,1.327538492533072e+18,Can't wear a mask when you are putting #apartyinyourmouth but you can swing by @palafoxmarket today and grab #theworldsbestsalsa in 5 flavors and my Queso @ Nesbitâ€™s Poeyfarre Market https://t.co/uA99quGbXV,0.475,november14_november15
94,1.3275385387459133e+18,"With all of the challenges with Covid and the temperatures in Lake Placid I am thankful we were able to get a few training runs. Iâ€™m excited to be going into race week! 
.
.
.
@usabs @teamusa https://t.co/Gmx7pNW0l0",0.5,november14_november15
95,1.327540116873769e+18,"How to have a 101 week Peloton streak
1) Work out 20 minutes a day
2) Have a ğŸ‘¶, sell your company, global pandemic, and any other reason to cancel pretty much every major trip for two years ğŸ˜­ @ My Basement (: https://t.co/qP8GgV0LLv",0.1604761904761905,november14_november15
96,1.327541251151962e+18,Corona CA Sat Nov 14th AM Forecast: TODAY Patchy Fog Hi 74 TONIGHT Mostly Clear Lo 43,0.525,november14_november15
97,1.327542137181905e+18,"Before Covid, my friends and I would get together for ""Friendgivemas"" in honor of this tradition, I have created a box of items that will please any friend!
#friendship #sistersquad #family #thanksgiving #MyMKLife https://t.co/4KBOF7i7wa",0.0,november14_november15
98,1.3275426207725036e+18,"Because even during the pandemic, #nyc is the place to be, even for the rona lol #roadtrip #timessquare #me #latino #venezolano #gay #vacations #manhattan #vacaciones #gayman #usa #newyork #nofilter #nofilterneeded https://t.co/iRR9Phk0hf",0.15227272727272728,november14_november15
99,1.3275429047479132e+18,"215 CORONA CERTIFIED! 
MASK UP this winter with @215apparel Built In Mask Hoodie â™ ï¸ AVAILABLE ON https://t.co/Uj6LHOF8nt LINK N BIO ğŸ”¥ğŸ”¥ğŸ”¥ @ Philly https://t.co/0idzMNgJ72",0.0,november14_november15
100,1.327469765993132e+18,"First day out. Made a Starbucks and Walmart run. Still lacking a little energy but no fever and feeling good. Taking it slow because tomorrow is Sunday!!!! #covid_19 #jesusovereverything @ Brownwood, Texas https://t.co/Lbt5Oi2tLM",0.6875,november14_november15
101,1.3274715308723323e+18,"Going to #nwsl-level hair solutions to manage my COVID mop on runs now.

#manbun #running #movember2020 #movember @ Rockland, Massachusetts https://t.co/dKOAsg4yF3",0.5,november14_november15
102,1.3274719086782996e+18,"Stolen from @modur_style Too many levels of brilliance here 
#wearamask #wearafuckingmask #staythefuckhome #enoughalready @ New York, New York https://t.co/1TtEQfrsx4",-0.16666666666666666,november14_november15
103,1.3274729208521155e+18,Thank you @bocogear for making smaller masks that fit my face. A good fitting mask makes all the difference. #bocogear #bocogearambassador #runforrivs #wearyourmask #rageon #wearamask #wearbocogear @ Connecticut https://t.co/y6jxSu2vN0,0.08333333333333333,november14_november15
104,1.327475554166186e+18,@chesthighfires are getting set up and rehearsing. Hope to see you here at 2! Masks and social distancing required. @ The Park Church Co-op https://t.co/YBFI9Q7kGE,0.04214015151515151,november14_november15
105,1.3274766667053343e+18,"Poor Georgie 
Snakes all out the grass ğŸ‰ğŸ‘€ğŸ’¯ @ Quarantine Nola 2020 https://t.co/jUFwaYsNIZ",0.6000000000000001,november14_november15
106,1.3274781686981714e+18,"ğŸ‘¥ğŸ
â€¢
â€¢
â€¢
#bam @yanamation #leavesğŸ #leaves #shadows #woods #fall2020 #covid_19 #hikingadventures #hike #hikersofinstagram #rocks @ Mianus River State Park https://t.co/jmWcRwHJgX",0.13636363636363635,november14_november15
107,1.327478306132816e+18,"Get up, Get up ğŸ¶ 

Ayyyyy, sheâ€™s a dancerâœ¨ğŸ’ƒğŸ½

#poledancer #yesastripper #come #makeitrain #covidstripper #wearamask #redlights #dancer #strippergrams #love #express @ Pharaoh's Gentlemen's Club https://t.co/37Kj8ciTKd",0.13636363636363635,november14_november15
108,1.327481142006608e+18,"Happy Gday @booosienewig 
GO RUN UP THAT
CORONA DEJA VU ğŸ˜·
(Prod by @timelessceo X @_khendrix )
@timelessrecordsofficial 
#timeless #inthenameof3 @ Hillsborough County, Florida https://t.co/HZJm5DBHxG",0.08333333333333333,november14_november15
109,1.327481144229589e+18,"Me when you are mean to a retail or food worker during a pandemic @ Warner Robins, Georgia https://t.co/KPCiVMqahm",0.0,november14_november15
110,1.327482365501911e+18,"Bird watcher in Training, thanks to Nana! Social distancing in The Great Outdoors. #Cowtown @ Fort Worth Nature Center &amp; Refuge https://t.co/d3dSqTnzkJ",0.45,november14_november15
111,1.3274843789314744e+18,@pacificPDX Why are we freaking out again? New two week lockdown? Do people really not have more than this in their homes at any one time? ğŸ¤·ğŸ½â€â™‚ï¸,0.5,november14_november15
112,1.3274845986249318e+18,"Out here making sure COVID Precautions, making sure agents observe CDC recommendations at my listing! Letâ€™s get this baby SOLD safely for my sellers. #cahomespro #expproud @ Real Estate by Joseph Trujillo https://t.co/GWvkvdE7H2",0.0,november14_november15
113,1.3274847052397486e+18,"How Crazy that weâ€™ve been wearing mask ğŸ˜· for 3 years. Before the Virus ğŸ¦  it was the fires ğŸ”¥ However, they didnâ€™t have much PPE to give out back then ğŸ¤” #StateOfEmergency #Pandemic #2020 @ Sacramento, California https://t.co/k1z1mWz6HS",0.5,november14_november15
114,1.3274868986553876e+18,"DBU Family!!! Shutdown/Lockdown!!ğŸ”ğŸ” So proud of my sons!! Love you!!!âš”ï¸ğŸ–¤ @bigtimercox @yungfn3._ @hellabandz_d3 @kar0tst3w @westjeff_fb @ Pineville, Louisiana https://t.co/ung6jIAESN",0.0,november14_november15
115,1.3274895123988726e+18,"-
#this #saturday #morning..
-
..please join the Two Baby Acorns &amp; One Bosc Pear on the Window Sill..March...
..by staying home.
-
#stayhome #stayhealthy #staysafe 
-
#perspective is #Everything
- @ Washington D.C. https://t.co/5yQ0Wzs975",0.5111111111111112,november14_november15
116,1.3274915126624297e+18,Soaking in 104 degrees after a 7.5 mile run. Exercising my lungs and trying to keep my COVID symptoms at a minimum. The rest of my day will be spent on the couch watching The Masters and football https://t.co/KcLOywcNLJ,-0.0875,november14_november15
117,1.327495864466641e+18,"Got some bad news the other day....check out my video today at 3:00pm CT to find out what. Things have changed thatâ€™s for sure...#vlog @youtube #internet #covid_19 @ Mankato, Minnesota https://t.co/rMDN0rPzIm",0.06666666666666668,november14_november15
118,1.3274958656074383e+18,6th Boys - Jefferson Feeder 6th  and Louisville Magic 6th tied 0-0 - no game due to covid-19 @exposurebball,0.033333333333333326,november14_november15
119,1.3275000164920484e+18,"Thank you for all the birthday wishes!!
Birthday in the quarantine it is and I'm about to have a blast!! 
#quarentine2020 #scorpioseason #cle_kandilady #bedroomkandi #happybirthday #blessed #thankful @ Clevleand Ohio https://t.co/PS13jh64l6",0.0,november14_november15
120,1.3275018739270902e+18,2020 no thanks @ Quarantine Nola 2020 https://t.co/UtRZKV656v,-0.1875,november14_november15
121,1.327501965526528e+18,"Safely back in Virginia! #loveva â¤ï¸ 
@visitvirginia 
#maskup
#nosemouthchin
#socialdistancing 
#takecare 
#staysafe 
#loveâ¤ï¸ 
#familytime @ Northern Virginia Gateway Welcome Center https://t.co/B4QPrARORF",0.0,november14_november15
122,1.3275022974762926e+18,"@msum up first with an acoustic set. The audience is behind me, social distancing in a responsible manner. Come join! @ The Park Church Co-op https://t.co/u3muSUUuX3",0.5,november14_november15
123,1.3275033384228086e+18,"This guy doesnâ€™t have  a problem with wearing a mask, what is your excuse!? â€”#NYC #stopthecurve #maskup #covid_19 #stayapartofthesolution #mylifemytravelsğŸ“¸ @ New York, New York https://t.co/kjG3LJWyES",0.0,november14_november15
124,1.3275105847581778e+18,"Great job @unionmarketdc with masks, one way lines and outside social distancing :) @ Union Market DC https://t.co/4SCSMqUMHN",-0.17499999999999996,november14_november15
125,1.3275106553861857e+18,"Due to the rising COVID-19 cases, the new restrictions from the health department, and for the protection of our staff and the community we will be closed until further notice. Stay tuned. @ Slainte Butte America Pub https://t.co/9kjg0IBrXy",0.0,november14_november15
126,1.3275108414872822e+18,"Ah! there it is!

So glad I bought these bitches up... Don't act like I didn't give you a heads up!

U.S. states race to buy ultra cold vaccine freezers, fueling supply worries.

 https://t.co/FKlxkysp4N",0.0,november14_november15
127,1.327515395373273e+18,"Reposted from @dawtainee You gotta keep covered in Covid......The new normal
 *

*
*

*

#KingsCountyFiberFestival in Brooklyn at the Old Stone House Saturday October 9, 2021. @ Brooklyn, New York https://t.co/pIIZHqlBED",1.0,november14_november15
128,1.32751612244745e+18,****Legacy Hookah Lounge Covid-19 Guest safety Update**** #wearamask #be #safe #washyourhands #sanitize #often #followus #instagram #facebook #twitter #snapchat #tumblr #ohio #becareful #will #bebacksoon https://t.co/9NUNnnIzPG,0.10416666666666667,november14_november15
129,1.3275182599066378e+18,"Work from Home ğŸ¡ ğŸ›Œ #dahvedlevyrockingyou @dancehallbizuk #wfh #wfhlife @ New York, New York https://t.co/0VuwfjpenR",0.09659090909090907,november14_november15
130,1.3275202631693148e+18,"I might be on intermittent fasting but there's a #pandemic going on. So I gotta #panicBuy some food. Preferably #carbs and #cakes. Cuz at the end of the day, I'm just a #fatass #foodie @ 85C Bakery Cafe https://t.co/Dtw9y1YDoz",0.1,november14_november15
131,1.3275218970982031e+18,"I love people who won't go to the gym during covid. I thank you. Theres more space bc u enjoy making excuses. You weren't really going to the gym before covid so it doesn't matter anyway right @ Vestavia Hills, Alabama https://t.co/ZE02zzGF38",-0.5,november14_november15
132,1.327522969996972e+18,Howâ€™s your quarantine going? #needabiggerhouse @ Del Cerro https://t.co/ryO3InURWk,0.0,november14_november15
133,1.3275243965047603e+18,"In-Person Worship Service on Sundays at 11:00 AM
Address: 2378 Dogwood Dr. SE, Conyers, GA 30013

We follow the recommendations of the CDC for COVID-19 https://t.co/tKKnyGpQh2",0.0,november14_november15
134,1.3275255625213297e+18,You freakishly yall backwoods ninja @ Quarantine Nola 2020 https://t.co/pOaX29PN7e,0.033333333333333326,november14_november15
135,1.327525563553104e+18,"Excited to share the latest addition to my shop: Covid2020 Funny Shirt, Social distancing etsy https://t.co/myK0PCUb6w @ United States https://t.co/GaboDlJSSu",0.05,november14_november15
136,1.32752725690701e+18,"#wearamask #wearamaskplease #wearamasksavelives #wearamaskny @jkusmierski new postcards #newyorktough #newyorktoughğŸ—½â¤ï¸ @ New York, New York https://t.co/3W58h8AB5Q",0.13333333333333333,november14_november15
137,1.3275275150328586e+18,"Tutaks find a way. The Great Pierogi Bake-Off 2020: Virtual Edition. #pierogi #holidaycooking #polishfood #socialdistancing @ Alexandria, Virginia https://t.co/6TQ09MS6nU",0.4,november14_november15
138,1.3275275491619185e+18,"@imjustheretomakeyouthink @erykahbadu 
#covid19 @ Antioch, Tennessee https://t.co/nnpTLBBNqC",0.27878787878787875,november14_november15
139,1.327530145608061e+18,"Back in Black! Pac-Man: Pandemic Edition Restoration @ Allentown, Pennsylvania https://t.co/7F08oofYtw",0.1968253968253968,november14_november15
140,1.3275336438966436e+18,"Or Whenever COVID is over lol. 
.
.
.
.
#weightlosstips #saturdaymood #saturdaymotivation #saturdayworkout #2pounds #eatinggood #november2020 #musicproducerlife #covidweightloss @ Syracuse, New York https://t.co/KjL91kuOvB",0.0,november14_november15
141,1.3275349956831027e+18,There is no humor in the pandemic with the exception of toilet paper shortages...stock up because another lockdown may be coming. @icp @oripsolob #icpconcerned #truenewyorker #kelloggdynasty https://t.co/RBgZtkMFG0,0.75,november14_november15
142,1.3275357230214308e+18,"Accident, two lanes blocked in #WestHempstead on The Southern St Pkwy EB between Hempstead Ave/X17 and Eagle Ave/X18, stopped traffic back to Corona Ave/X15 #traffic https://t.co/cLJ9IKsg5n",-0.2083333333333333,november14_november15
143,1.3275370904611348e+18,"Just posted a photo @ Corona, California https://t.co/Vt6w9NhWFB",0.2,november14_november15
144,1.327538492533072e+18,"No song this week due to Covid just like my Mean Green. 

#brunchlife #brunch #brunchislife #Brunchcast #austin #austintexas #austinbrunch #texasiliving #texas #texasbrunch #hashtag @ Kerbey Lane Cafe https://t.co/iRL0bAeen7",0.475,november14_november15
145,1.327540116873769e+18,Lunch views...and social distancing at its finest. ğŸ˜ @ Tide Tables Restaurant and Marina https://t.co/V6hiQvhKMy,0.1604761904761905,november14_november15
146,1.3275404097240637e+18,"Itâ€™s like COVID doesnâ€™t exist right now inside here! (at @BathBodyWorks in West Des Moines, IA) https://t.co/kG8u8Qpu3L",0.0,november14_november15
147,1.3275404108356403e+18,"Itâ€™s a beautiful day to shop local!Remember to be safe and wear your mask. I have lots available for little ones, moms and dads! Available on my website and in store! âœŒï¸â¤ï¸â˜€ï¸  
#southbay #hermosabeach #staysafe #masks https://t.co/waHV7zNDKA",0.1,november14_november15
148,1.3275443095880458e+18,@mazzie Now to play the â€œis this covid or is this the year catching up with meâ€ game,0.0,november14_november15
149,1.3275474937023078e+18,"2nd weekend of Football in 2020, watching behind fences and from a distance #covid19 #betterdaysahead @ Henderson, Nevada https://t.co/Q2VYgu7Wuc",0.34545454545454546,november14_november15
150,1.327469765993132e+18,concerts post covid. #gigs#work#audio @ New World Symphony https://t.co/luFr6nSFMD,0.6875,november14_november15
151,1.3274715308723323e+18,From #MARDIGRAS TO having #COVID to #WORKINGOUT #LIKEABEAST #stillatit #cantatopwontstop @ Lyfe N Motion Fitness LLC https://t.co/PMdDgy6XCH,0.5,november14_november15
152,1.3274719086782996e+18,"Orville Redenbacher type beatğŸ¿ğŸ˜‚

Objects used:
Metal water jug
Pencils
Hand sanitizer cap
Popcorn bag
And more... @ Louisville, Kentucky https://t.co/bZ73frdGI1",-0.16666666666666666,november14_november15
153,1.3274725337134735e+18,Since this #awesome #museum is still closed under #covid I thought Iâ€™d share some more shots from my visit to the @lacofiremuseum #firetrucks history ğŸš’ğŸ‡ºğŸ‡¸ğŸ“¸ğŸ“·ğŸ”¥#travelingcarguy #firemen #firewoman #tv ğŸ“º #emergancy https://t.co/aL1c985K9g,0.0,november14_november15
154,1.3274766667053343e+18,"Trying to quarantine jam outdoors lol
.
.
.
.
.
#acousticguitar #jamming #outdoordining #hendersonnv #greenvalleyranch #thedistrictlv #skinnyfats #mv #quarantinejams @ Las Vegas, Nevada https://t.co/x3ZdprAesH",0.6000000000000001,november14_november15
155,1.3274781686981714e+18,The new #Covid19 reality #Zoom #USCFootball with friends! #FightOn #FTFO #BeatTheWildcats @ Embassy Swartz https://t.co/DKVGqjltvl,0.13636363636363635,november14_november15
156,1.327478306132816e+18,"Reposted from @randomclaws me at my window watching all the non-essential activity taking place. ğŸ™„ #benitabutrell #socialdistancing @ New York, New York https://t.co/UFjcgNayU6",0.13636363636363635,november14_november15
157,1.3274794616762e+18,"Dog dads. Astro likes the anchovy. 
ğŸ• ğŸŸ 
Dinner at #PUMP by @lisavanderpump  ğŸ’œ for Shellyâ€™s 40th birthday. 
â€¢
â€¢
#Birthday #friends #fiance #cakeandarms #astropup #dogdad #weho #pandemic #outdoordining #throwback https://t.co/83EQkbArL3",-0.2,november14_november15
158,1.327481143113904e+18,"The only place to have #lunch #redsjavahouse #redsjavahousesanfrancisco #sanfrancisco #bayarea #baybridge #weekend #relax #wearamaskğŸ˜· #besafe #fonseca #fonsecashow #aaronfonseca_official @ San Francisco, California https://t.co/iF6nHPq4if",-0.25,november14_november15
159,1.3274813938744975e+18,First indoor dining experience since the plague. #2020 #covid #wearamask #stopthespread #familytimeâ¤ï¸ @ Sizzling Lunch https://t.co/rbyrw3llrb,0.0,november14_november15
160,1.327482365501911e+18,"Let the quarantine games begin! When these guys donâ€™t get put away, Mom shall play!!! ğŸ˜ˆSee how long it takes for him to find it! ğŸ¥¸ğŸ˜œğŸ¤£ğŸ˜‚ğŸ¤£ğŸ˜ #momlife #kidtoys @ Colorado Springs, Colorado https://t.co/nk305Xqgj9",0.45,november14_november15
161,1.3274843789314744e+18,4 Wysocki's coming out of quarantine. Who wants em? @ Jan's https://t.co/W4BdJIiLe1,0.5,november14_november15
162,1.3274845986249318e+18,Alert: MOTOR VEHICLE COLLISION @ CORONA AV S/GULF TO BAY BL Tac: G Sent: R48 E48 https://t.co/WCIoaiDEVU,0.0,november14_november15
163,1.3274847052397486e+18,"At the point in my life where hanging outdoor lights was considered exciting. #covid #ifeelold @ Arlington, Virginia https://t.co/9x6PiSI02j",0.5,november14_november15
164,1.3274868986553876e+18,"This #pigeon would leave this ladies table @redsjavahouse_ #weekend #besafe #fonseca #fonsecashow #aaronfonseca_official #bayarea #sanfrancisco #wearamask @ San Francisco, California https://t.co/Tq4vtZuvuh",0.0,november14_november15
165,1.3274871503010447e+18,Great time at yesterdayâ€˜s sold out show with my brother Paul Rodriguez and other great comics. Great job SO AZ Promotions.  Thank you Arizona! @ Rancho Corona https://t.co/KntcOgnNXQ,0.13636363636363635,november14_november15
166,1.3274895123988726e+18,Does not look #covid19 safe @ New Jersey https://t.co/rBBshdqqOW,0.5111111111111112,november14_november15
167,1.3274915126624297e+18,"Upping my game ğŸ™ƒ both #xena and #gabrielle on this #mask! #wearamask #xenawarriorprincess #amazon #makeitfashion #scruffy #scruffygay ##xenaandgabrielle #geeky #gaygeek #geekymask #fuckkevinsorbo @ Columbus, Ohio https://t.co/yYo1cSAWqO",-0.0875,november14_november15
168,1.3274920890897203e+18,"Queen Bitch Rocking The Matti Rouse Mask #BuyNow #mask #covid #pandemic #fashion #streetwear #streetphotography @ New York, New York https://t.co/OIH36KS4n7",0.2083333333333333,november14_november15
169,1.3274938562130207e+18,"Well of course thereâ€™s an orb ğŸ’™ğŸ’šğŸ¥°, and my thoughts on this pandemic ğŸ˜‘ @ Beavertail State Park https://t.co/RjSkwck5o8",0.0,november14_november15
170,1.3274952342891684e+18,Big Thank You to Ten Years Gone last night! They were awesome! We also want to thank everyone who attended for complying with the current Covid regulations  and helping to keep our community safe!!! https://t.co/IjDLFLOfHv,-0.08636363636363638,november14_november15
171,1.3274953624630108e+18,Can this continue beyond COVID times. #day319 #photoaday #sweetcaroline #publife #covid_19 #saturday #weekendvibes @ Ryan's Pub https://t.co/SaMhVQm76j,0.0,november14_november15
172,1.327501965526528e+18,"And I thought NC had bipolar/pneumonia weather @ Baldwin Hills/Crenshaw, Los Angeles https://t.co/HnbWoEVnze",0.0,november14_november15
173,1.3275033384228086e+18,Last weekend  to get your Brunch or Dinner on before The Eastburn closes again for Covid19 restrictions. @ EastBurn Public House https://t.co/iIklFY898N,0.0,november14_november15
174,1.3275033573223342e+18,"100K+ #Google searches 4 Georgia recount 1h old https://t.co/oLJuvow308 https://t.co/3sKp2dJNeX 
#Philadelphia ğŸŒ… 6:45 ğŸŒ† 16:45 EST
#Covid19
#PhiladelphiaCounty 11/11/2020
New CS 604 14DCSÎ” +17.0%
New D 2 14DDÎ” +1.3% https://t.co/0CkWwe0R8V",0.0,november14_november15
175,1.3275039531358536e+18,Stop rushing me tfğŸ˜‚ @ Quarantine Nola 2020 https://t.co/T8oXouim4R,0.0,november14_november15
176,1.3275079020268872e+18,"This #pigeon would leave this ladies table @redsjavahouse_ #weekend #besafe #fonseca #fonsecashow #aaronfonseca_official #bayarea #sanfrancisco #wearamask @ San Francisco, California https://t.co/9PxFQ1Hn6T",0.0,november14_november15
177,1.3275103334145434e+18,"20K+ #Google searches 4 @GavinNewsom 5h old https://t.co/myKWLPkxae https://t.co/goOjpiZ1mM 
#California ğŸŒ… 6:36 ğŸŒ† 16:50 PST
#Covid19
#California 11/11/2020
New CS 0 14DCSÎ” +7.0%
New D 0 14DDÎ” +2.6% https://t.co/elXUzj3w9A",0.325,november14_november15
178,1.3275106553861857e+18,"Happiness is you best friend of 25 years getting a  fresh COVID test and driving up for #boardgames and shenanigans.
.
#tabletop #rpg #heroquest #pandemic #smallgathering #mytribe #wagnercollege #iowa #mybestie https://t.co/ezjQ8k4Meg",0.0,november14_november15
179,1.3275113977150792e+18,"Another covid celebration in the books.. 
#Dallas-Levelup2Stage10 @ Ladson, South Carolina https://t.co/dunsUs7Zfl",0.125,november14_november15
180,1.327515395373273e+18,Spontaneous quick Family selfie in the pandemic. Similar to our get together. MOVEMBER in full effect...#warnerlife @ Lucky's 13 Pub https://t.co/MG22S1ZSe0,1.0,november14_november15
181,1.327518189618598e+18,anyway wear a mask and stop doing indoor dining like for real,0.0,november14_november15
182,1.3275182599066378e+18,Missing the Broadway! ğŸ¦ğŸ­ Wear a Mask! @kingkongbway @ Broadway Theatre https://t.co/k6hagMvRTD,0.09659090909090907,november14_november15
183,1.3275202631693148e+18,Podcast: Taking stock of the post-quarantine flip effect https://t.co/0ML54WoLOn #sanjose #california #siliconvalley #sanfranciscobayarea,0.1,november14_november15
184,1.3275218970982031e+18,"The only place to have #lunch #redsjavahouse #redsjavahousesanfrancisco #sanfrancisco #bayarea #baybridge #weekend #relax #wearamaskğŸ˜· #besafe #fonseca #fonsecashow #aaronfonseca_official @ San Francisco, California https://t.co/AWgJCb1QVU",-0.5,november14_november15
185,1.327525563553104e+18,"Pre-COVID. Gouda times. @ Los Angeles, California https://t.co/RJZ5EzsVEl",0.05,november14_november15
186,1.3275275491619185e+18,"To the idiots who complain that they want things to go back to normal but still refuse to wear a mask... this one is for you. @ Los Angeles, California https://t.co/cN2cDW1KfL",0.27878787878787875,november14_november15
187,1.3275293684077158e+18,Visit with mom at the Care Center - one visit a week outside due to Covid - at least we can see her at times. Hopefully she will be home in short time. #makingthebestofit @ Carolina Care Center https://t.co/Gp1wECgluZ,0.0,november14_november15
188,1.3275299602911355e+18,"A not-small-budget thing has been filming in my neighborhood lately. If a Christmas-themed thing shows up on streaming, you heard it here 1st. Hopefully not â€œA COVID Christmas.â€ @ Ravenswood, Chicago https://t.co/QtRkw2fZQT",0.0,november14_november15
189,1.3275317443047834e+18,First outing in awhile! #covid_19 #maskedup #pawswithacause #servicedoglife @ North Lake County Park https://t.co/XLs3xpSV1H,0.0,november14_november15
190,1.3275336438966436e+18,"I was there a little while ago to check out the L&amp;T deals. And it's mobbed. Not much social distancing but all wearing masks. We're screwed. (@ Destiny USA - @wonderworksdusa in Syracuse, NY) https://t.co/QFEbX9rUts",0.0,november14_november15
191,1.3275370801766769e+18,Best in 5 years. 1202 COVID miles @ Julington Lakes https://t.co/pWv5CI48TA,0.0,november14_november15
192,1.3275370904611348e+18,Sunday night SIP &amp; BOWL LOCKDOWN EDITION @dolton_bowl  FROM 6 TIL 11PM EARLY ARRIVAL SUGGESTED DOORS OPEN AT6pm  YOU KNOW WTF GOING RSVP NOW FOR YOUR LANES @708.359.1201 @ Dolton Bowl https://t.co/ir7j9aQeYK,0.2,november14_november15
193,1.3275385387459133e+18,Perhaps our last date for awhile as an impending lockdown is almost certain. - Drinking a S'more Distance by @GooseIsland @ Goose Island Brewhouse - Philadelphia  â€” https://t.co/kGLrZzLcsQ,0.5,november14_november15
194,1.327540116873769e+18,"social distancing: look it up. 
.
.
.
.
#dogstagram #dogsofinstagram #frenchbulldog #frenchiesofinstagram #instafrenchie #frenchiegram #frenchies #saturday #weekend #lovemydog #frenchielove @ West Seattle https://t.co/HMbGRjBnXX",0.1604761904761905,november14_november15
195,1.3275404108356403e+18,1st gig after lockdown. Come chill and get some tacos Iâ€™ll be playing beats from 9pm-2am @dosgringosmesa @dosgringosaz . #reflekshin @ Dos Gringos Mesa https://t.co/FYllCKoC14,0.1,november14_november15
196,1.327542137181905e+18,Corona NY Sat Nov 14th PM Forecast: TONIGHT Partly Cloudy Lo 31 SATURDAY Sunny Hi 41,0.0,november14_november15
197,1.3275426207725036e+18,"Social distancing. 546/... - Drinking a Black Is Beautiful by @nodabrewing @ Dunwoody, GA  â€” https://t.co/L9QCe1Szw5",0.15227272727272728,november14_november15
198,1.3275463481289196e+18,HAHAHAHA TURNS OUT I CAUGHT COVID BECAUSE WE DECIDED COMEDY CLUBS SHOULD BE OPEN GOOD JOB EVERYONE!!!!,0.74,november14_november15
199,1.3275474937023078e+18,Leave it to the Marines to show off their creativity around Social Distancing. #semperfidelis #semperfi @ National Museum of the Marine Corps https://t.co/xcwBHw5Vho,0.34545454545454546,november14_november15
200,1.3275492722634465e+18,"50K+ #Google searches 4 What is Diwali 5h old https://t.co/JhzKgo4Rve https://t.co/qSLAve4xsi 
#California ğŸŒ… 6:36 ğŸŒ† 16:50 PST
#Covid19
#California 11/11/2020
New CS 0 14DCSÎ” +7.0%
New D 0 14DDÎ” +2.6% https://t.co/IV3nyOhN4J",0.6,november14_november15
201,1.3275495096694497e+18,"Cheetahlish Ultra Soft Plush Gifts are here 2 Sizes $20 &amp;  $24 and BigEye Cheetah Back pack Charms $10
Shopping Local Helps Support Small Businesses through this Pandemic ğŸ†ğŸ’“ @ Cheetahlish https://t.co/idLJKqtIgZ",0.13636363636363635,november14_november15
202,1.3275503457702707e+18,"Just a lil Saturday afternoon stroll to Jersey.... ğŸ’œ
.
#stayactive #keepmoving #wearamask @ George Washington Bridge https://t.co/HvOiE77V8p",0.2,november14_november15
203,1.327469765993132e+18,"Chocolate brownies with milk chocolate frosting....all from scratch. Saturday afternoon baking has become a COVID tradition. ğŸ˜ @ Golden Valley, Minnesota https://t.co/5tmL2wFvT9",0.6875,november14_november15
204,1.3274715308723323e+18,Mask up. #clothes #cle #thisiscle #wearamask #mask #artgear #covid19 @ University Circle https://t.co/pLkZdtEFJO,0.5,november14_november15
205,1.3274719086782996e+18,Corona CA Sat Nov 14th PM Forecast: TONIGHT Mostly Clear Lo 46 SUNDAY Mostly Sunny Hi 81,-0.16666666666666666,november14_november15
206,1.3274729208521155e+18,Day at the park with the one and only Mr. Oreo  â™¥ï¸ğŸ¶ğŸ‘‘ still in the #pandemic and awaiting second wave of #covid19 to arrive any day ğŸ¦   2020 a year that will not be forgotten âœ¨11/14/2020 https://t.co/vuirg2NIfA,0.08333333333333333,november14_november15
207,1.3274751194894295e+18,ğŸ˜”ğŸ’”ğŸ•Š @ Flushing Meadows - Corona Park https://t.co/4E5U7GbxpR,0.0,november14_november15
208,1.3274766667053343e+18,"If you have to be in quarantine, you might as well have fun. These piles seemed a lot bigger a few years ago. Lol
#fall #leaves #covid @ M &amp; M Sharpening Services, LLC https://t.co/pO1U0QTsLZ",0.6000000000000001,november14_november15
209,1.327476737953788e+18,"Came home from work on Friday to see @mysterg911 had made me cupcakes! @ Cleveland, Ohio https://t.co/gi6iTJHyU0",0.0,november14_november15
210,1.3274781686981714e+18,pandemic paradise ğŸ· @ 4R Ranch Vineyards and Winery https://t.co/uGFu6z7Z94,0.13636363636363635,november14_november15
211,1.3274794616762e+18,Austin Latino Coalition and Del Valle Community Coalition PPE Drive event. @ Lamexicana Supermercado https://t.co/JlMCCZpPzx,-0.2,november14_november15
212,1.327481142006608e+18,"Someone found his new spot. Another crazy Covid Saturday night.. #philly #chestnuthill #gspofinstagram @ Philadelphia, Pennsylvania https://t.co/rSayRzmMaG",0.08333333333333333,november14_november15
213,1.327481143113904e+18,Serving David Rose realness for a little outdoor Covid conscious fall gathering. #PlanetBrunswick #SchittsCreek @instadanjlevy @ Brunswick Old Town Historic District https://t.co/YRH8jCozA5,-0.25,november14_november15
214,1.3274813938744975e+18,Such a nice morning trip and drive around the canyons. Everybody had to get covid test before coming to the trip. Of course mask all the time except when taking pictures. Day 1 â˜‘ï¸ https://t.co/YmqAwmzfW4,0.0,november14_november15
215,1.327482365501911e+18,"20K+ #Google searches 4 Boston @CFB 1h old https://t.co/K3rdCz6ZSr https://t.co/pvoAuXEPrY 
#Massachusetts ğŸŒ… 6:37 ğŸŒ† 16:26 EST
#Covid19
#Massachusetts 11/12/2020
New CS 2648 14DCSÎ” +14.7%
New D 20 14DDÎ” +2.7% https://t.co/FFGwUTpmQ7",0.45,november14_november15
216,1.3274843789314744e+18,Nutcracker 2020.  Heâ€™s ready â¤ï¸ğŸ˜·. #nutcrackerseason #this2020nutcracker #sociallydistanced #wearamask #ballet #balletfun #balletschool #balletlife #balletlove #wereallyreallyloveballet https://t.co/eE8DCctUQa,0.5,november14_november15
217,1.3274847052397486e+18,Hasnâ€™t been open since March. A Miami landmark. #littlehavana #calleocho #miami #covid_19 #dominopark @ Calle Ocho https://t.co/YVixcfcQGf,0.5,november14_november15
218,1.3274871503010447e+18,"Leave it to NYC #theshowmustgoon #takeitoutside #covid #nyc #bowery @duaneparkpatisserie @ New York, New York https://t.co/PhBm9FuqCh",0.13636363636363635,november14_november15
219,1.3274881146134815e+18,"Social distancing. 547/... - Drinking an Accumulation by @newbelgium @ Dunwoody, GA  â€” https://t.co/rMlMW3HC4L",0.125,november14_november15
220,1.3274895123988726e+18,@SarahSurrender The pandemic ainâ€™t stopping me from getting the box. In fact Iâ€™m on my way to another jurisdiction in a few. Lmaoooo,0.5111111111111112,november14_november15
221,1.3274915126624297e+18,"50K+ #Google searches 4 What is Diwali 7h old https://t.co/JhzKgo4Rve https://t.co/qSLAve4xsi 
#California ğŸŒ… 6:36 ğŸŒ† 16:50 PST
#Covid19
#California 11/11/2020
New CS 0 14DCSÎ” +7.0%
New D 0 14DDÎ” +2.6% https://t.co/4C4hFQBGxd",-0.0875,november14_november15
222,1.3274938562130207e+18,A beautiful day to get out and about in @shenandoahnps and be #socialdistancing we missed peak foliage but still was beautiful #lovewhereyoulive #virginia #travel #itsfallyall @ Skyline Drive - Shenandoah National Park https://t.co/5hew4oID5Q,0.0,november14_november15
223,1.327494545236521e+18,Huge thanks to Southlake Physical Medicine for squeezing me in today to get my first of two Covid tests required to leave the country to compete at an important Olympic Qualifying event next weekend! ğŸ’ªğŸ’ª https://t.co/PXDD6bQds6,-0.009595959595959616,november14_november15
224,1.3274952342891684e+18,"The photos are kind of dark because it was past sunset, but way to go Adventure Class! Great job cleaning the park. We split them into small groups so we could be Covid safe.Weâ€™re making it work! #alternativebarmitzvah https://t.co/idnOepVfsi",-0.08636363636363638,november14_november15
225,1.3274953624630108e+18,"Lovely #dailywalk #neighborhoodwalk #flattenthecurve #itsbetteroutside #motherdaughtertime @ Houston, Texas https://t.co/ERE53XFL7H",0.0,november14_november15
226,1.327495864466641e+18,"Good thing Covid canâ€™t take away hunting season!ğŸ§¡ @ Anton, Kentucky https://t.co/o3Ulai2nNQ",0.06666666666666668,november14_november15
227,1.3275000164920484e+18,"covid said: DIY bid day!!ğŸ’–ğŸ¤  @ Orient Heights, East Boston https://t.co/xK5WzzSmDw",0.0,november14_november15
228,1.3275018739270902e+18,"Itâ€™s hard to not have these kids close by! Levi is crushing his goals @unc but with COVID we rarely get to see each other. So Iâ€™m so glad we got to grab lunch in #carrboronc last week ğŸ’• @ Chapel Hill, North Carolina https://t.co/H8PtRHPIH1",-0.1875,november14_november15
229,1.3275033384228086e+18,"Here again, this time with the whole family. ğŸ˜© #covid_19 #testing #Queens @ Northern Blvd Train Station https://t.co/lIjXJoaV75",0.0,november14_november15
230,1.3275033573223342e+18,See a virtual tour of our listing on 23424 Toronja Corte #Corona #CA  #realestate https://t.co/Yg6tOlUeoU https://t.co/mzwrYL1Tyi,0.0,november14_november15
231,1.3275039531358536e+18,"Finally out of quarantine and couldnt have spent it any better!! Got to watch one of my favorite players battle a bit! @coop.g11 @hitmenhockey @ Warwick, Rhode Island https://t.co/kcbtUXXz1B",0.0,november14_november15
232,1.327507301805273e+18,If ya gonna wear a mask...make sure itâ€™s ğŸ”¥ğŸ˜‚ @ Aegis Comics of Alaska https://t.co/B5xpOVltwS,-0.11666666666666667,november14_november15
233,1.3275079020268872e+18,Pandemic patio fun with my #QuaranTeam #drinkWAbeer ğŸ» #drinklocal - Drinking a Vienna Lager by @ChuckanutBeer @ Ounces Taproom &amp; Beer Garden  â€” https://t.co/r7rWPRn0zR,0.0,november14_november15
234,1.3275105847581778e+18,"perks of working from home (at your best friends house) is getting kitten cuddles whenever you want ğŸ¥°ğŸ–¤âœ¨ @ Austin, Texas https://t.co/vOFdTXI0pc",-0.17499999999999996,november14_november15
235,1.3275108414872822e+18,"Social distancing. 548/... - Drinking a King Don's Pumpkin Ale by @catawbabeer @ Dunwoody, GA  â€” https://t.co/9wHMg7BLd3",0.0,november14_november15
236,1.3275113977150792e+18,"Day at the  Newport Beach Funzone! So much fun! #lovemyfamilyâ™¥ï¸ #socialdistancing #balboaferry #anotherbeautifuldayatthebeachâ™¥ï¸ @ Newport Beach, California https://t.co/9KyHcGhxmN",0.125,november14_november15
237,1.32751612244745e+18,Just posted a photo @ Walmart Corona - N Mckinley St https://t.co/P0ccobrWy9,0.10416666666666667,november14_november15
238,1.3275218970982031e+18,Quarantine visits from outside the front window! â¤ï¸â¤ï¸â¤ï¸â¤ï¸â¤ï¸ @ Morning Sun Farms https://t.co/FlkjDh60t0,-0.5,november14_november15
239,1.3275227923974472e+18,"This kind of crap pisses me off... wear a mask, but not this one. You canâ€™t put a Lydia quote with Wednesday Addams. PERIOD. ğŸ¤¦ğŸ»â€â™‚ï¸#misquote #wearamask #lydiadeetz #wednesdayaddams #badproduct #wrong @ Columbus, Ohio https://t.co/fGIqaBXh37",-0.05,november14_november15
240,1.327522969996972e+18,Anti-COVID device for the adult beverages. It doesn't stop epileptic fits though @ The Farm https://t.co/ZnCiIcOcFZ,0.0,november14_november15
241,1.3275255625213297e+18,Prayers for my nephew and his sons who all are Covid positive and quarantined at home.  His wife and daughter and little sons are home too.  Prayers for them all.  â¤ï¸â¤ï¸â¤ï¸. #wearamask @ PEACE LOVE HOME https://t.co/aAhBKD2L6n,0.033333333333333326,november14_november15
242,1.32752725690701e+18,Honor your shadow self during this new moon in Scorpio #selfportrait #frenchnewwave #newmoon #newmusic #shadowself #littlestarrun #moonmagic #witchy #photography #fallmood #moments #mirrormirror @ Quarantine https://t.co/f9uUEYnJ9P,0.13333333333333333,november14_november15
243,1.3275275491619185e+18,"Family Karaoke Night in our music room on the third floor with my wife and son having a fun time. 3 Genres: Country, Latin, and Classic Rock. Nice way to share together during COVID on a Saturday Night. ğŸ¤ğŸ¼ https://t.co/kMuhd7LrPQ",0.27878787878787875,november14_november15
244,1.3275283281447117e+18,"@Dr_VanHandel You, but whatever gets them through this pandemic!",0.1,november14_november15
245,1.3275293684077158e+18,"Just posted a photo @ Corona, California https://t.co/0HROpwqWJD",0.0,november14_november15
246,1.327529591397884e+18,"Hiked up the mountain with my best friends; far far away from Coronavirus for the weekend ğŸ§—ğŸ»â€â™€ï¸ @ Arkville, New York https://t.co/coWHqUcoeW",0.7,november14_november15
247,1.327530343201706e+18,"Somehow this seem like the most appropriate #covidtimes #fallcolors #photo #photography #instagood #revkane #photooftheday #happiness #citylife #covid19 #coronavirÃ¼s @ San Bruno, California https://t.co/z5rdSymdWk",0.55,november14_november15
248,1.3275349956831027e+18,South Dakota Gov Kristi Noem Announces She WILL NOT Enforce a COVID-19 Lockdown and Mask Mandate https://t.co/shqlXN0IP0 https://t.co/aOLUdDX6x7,0.75,november14_november15
249,1.3275357230214308e+18,Joining or leaving the parties #mask #glove #ppe #chair #shoes #washingtondc @ Mount Pleasant https://t.co/rNPyROWoA2,-0.2083333333333333,november14_november15
250,1.3275360328421786e+18,"@IvankaTrump @realDonaldTrump @IvankaTrump Hey...Good Evening! @realDonaldTrump did a ""Great"" job with Project Ward Speed and vaccines. Ahead of schedule...like he said a month or two ago. Have a nice rest of the weekend...God Bless!
ğŸ‘ğŸ¤“ğŸ¤™ #MakeAmericaGreatAgainAgainğŸ‡ºğŸ‡¸",0.0,november14_november15
251,1.3275370904611348e+18,Another quiet and lonely COVID night at the IDB @ Inland Dock Bar https://t.co/DW7dMvOFzU,0.2,november14_november15
252,1.327538492533072e+18,Nevermind the fact that surface temperature checks are horribly unreliable unless the subject has been resting at room temperature for a few minutes.  https://t.co/Hr1Z21JrMk,0.475,november14_november15
253,1.3275385387459133e+18,My persistence is greater than the girls resistance in triplicate. Yes we are going on a hike. 66% of them enjoyed it which is success in my book. #sisters #family #lockdown #la #space #silence #optoutside https://t.co/7kW26PKcU5,0.5,november14_november15
254,1.3275404108356403e+18,"Absolutely! I feel like every parent with a kid attending school should have to have this! #covid #maryland @ Phoenix, Maryland https://t.co/w0r622YO0t",0.1,november14_november15
255,1.327541251151962e+18,"like it blows my mind that any of this is an argument, we've been in a pandemic since MARCH and we can't even agree that COVID-19 is a real thing that exists",0.525,november14_november15
256,1.3275443095880458e+18,"The Win Dow with the glow up. Thatâ€™s how the kids say it right?  Another burger spot turns their paved parking into a PPE party place.  Eat responsibly, Venice.  #notaninfluencer just on a dog walk.  #0.5lens #masksup https://t.co/UyHe3LYbfU",0.0,november14_november15
257,1.3275463481289196e+18,Did too merchğŸ§˜ğŸ½â€â™€ï¸ @ Quarantine Nola 2020 https://t.co/QOC2z4F9WN,0.74,november14_november15
258,1.327548963457626e+18,I'm looking forward to bringing some Pandemic to Victory Christian Church tomorrow @ 10:00. ğŸ‡­ğŸ‡¹#acts29missions @ Victory Christian Church https://t.co/pq5yQU3qe5,0.0,november14_november15
259,1.3274715308723323e+18,"Swim stroke correction pandemic   edition. ğŸ“¸:@tri_coach_gunnar #triathlon @ Aptos, California https://t.co/wegEBNIpCE",0.5,november14_november15
260,1.3274719086782996e+18,"I DID THE CORONA-CHOP. Bye bye nine inches!! ğŸ‘‹ğŸ¼ğŸ’‡ğŸ½â€â™€ï¸âœ‚ï¸ This is the first time Iâ€™ve donated my hair and it sure feels good! ğŸ¤—#locksoflove @locksofloveofficial @ San Diego, California https://t.co/IBUR09ZwSA",-0.16666666666666666,november14_november15
261,1.3274725337134735e+18,"If this â€œBabeâ€ can wear a mask and look Hot, so can you! #wearamask @treesofmysteryofficial @ Trees of Mystery https://t.co/3kQvHvQkXW",0.0,november14_november15
262,1.3274729208521155e+18,"Quarantine Gundam #3. Despite the tiny parts and Japanese directions Iâ€™m getting faster at these. Will have to try the show. @ Mooreland, Indiana https://t.co/xF367WIcC8",0.08333333333333333,november14_november15
263,1.327475554166186e+18,"Social distancing. 549/... - Drinking an 4th Anniversary IPA by @ScofflawBrewing/@Torched_Hop @ Dunwoody, GA  â€” https://t.co/fBXHp3F7kn",0.04214015151515151,november14_november15
264,1.3274766667053343e+18,"Giving back to the community at Bread of Life, Inc. 
FREE PANDEMIC RELIEF BOXES GIVEAWAY 
THE BREAD OF LIFE 
2019 CRAWFORD STREET DOWNTOWN.
1 BOX PER CAR. 
8AM TO 12NOON OR UNTIL IT'S ALL GONE @ Bread of Life https://t.co/NoNaU1E0tb",0.6000000000000001,november14_november15
265,1.3274781686981714e+18,#LiveStreamMusic -Wolff Rock the Lockdown !! https://t.co/LEbfFmvSkX #Rock #Alternative,0.13636363636363635,november14_november15
266,1.327478306132816e+18,"â˜ ï¸ğŸ™ŒğŸ»ğŸ¥‚seasonal â€œCovid gigâ€ ended....  I can take the grind... #managerlife #gimmethatbonus ğŸ’¸  #12hrdays @ Minneapolis, Minnesota https://t.co/decpWqYPn6",0.13636363636363635,november14_november15
267,1.3274794616762e+18,It's bout to get ugly @ Quarantine Nola 2020 https://t.co/suuQufGfDy,-0.2,november14_november15
268,1.327481142006608e+18,"Wear the fucking mask #wearamask #wearthefuckingmask #snowflakes #dumptrump @ Syracuse, New York https://t.co/SdHGbvbx3x",0.08333333333333333,november14_november15
269,1.327481144229589e+18,"The number of Jackson County coronavirus cases linked to assisted living facilities is up to 270.

Our daily COVID-19 updates are free to read. For all of our stories written by our experienced local journalists, subscribe here: https://t.co/YeMilg2nL0

https://t.co/oCV1P1UcjD",0.0,november14_november15
270,1.3274813938744975e+18,"Day 244 of the Coronavirus Quarantine.

Options ...

Always take the second floor.

Stay safe, stay sane, stay inside and wear a damn mask (over your ğŸ‘„ &amp; ğŸ‘ƒğŸ»).
ğŸ’–â˜® @ Wizzo's Home https://t.co/kALekPvf5U",0.0,november14_november15
271,1.3274845986249318e+18,"With the way COVID numbers are going in Illinois, I'm thinking there's an 80% chance this is the last time I'll be allowed to work in the office for a while. @ United Center https://t.co/uxl0Rj4knc",0.0,november14_november15
272,1.3274847052397486e+18,"I miss being lost in NYC. 
Covid is a fuckin DUB. @ New York, New York https://t.co/9ycvHLKjP1",0.5,november14_november15
273,1.3274868986553876e+18,"Giving back to the community at Bread of Life, Inc. 
FREE PANDEMIC RELIEF BOXES GIVEAWAY 
THE BREAD OF LIFE 
2019 CRAWFORD STREET DOWNTOWN.
1 BOX PER CAR. 
8AM TO 12NOON OR UNTIL IT'S ALL GONE @ Bread of Life https://t.co/66bN7JUeqC",0.0,november14_november15
274,1.327487600823853e+18,Great birthday dinner! #scorpio #scorpioseason #saturdayvibes #stayhome #dinnertime #f @ Scarpa's Italian https://t.co/lS4qdDjoj3,0.13636363636363635,november14_november15
275,1.3274915126624297e+18,Comedy on the patio and we are practicing social distancing with masks required and hand sanitizer provided! #LVComedy #Vegas #Comedy #PawnStars @ Rick's Rollin Smoke BBQ &amp; Tavern https://t.co/ggNUUJxib1,-0.0875,november14_november15
276,1.327494545236521e+18,"SATURDAY NIGHT TURN UP!CLICK THE LINK IN MY BIO TO CONNECT TO THE STATIONğŸ¥ğŸ¥ REQUEST AND SHOUTOUTS LIVE ON THE AIR 786.262.2476 24/7 PASS IT ON.. BE SAFE WEAR A MASK ğŸ˜· @ Miami Beach, Florida https://t.co/b1kVejxiDi",-0.009595959595959616,november14_november15
277,1.3274952342891684e+18,"!!sigalert!! carpool and left lanes are closed due to an accident involving a motorcyclist. in #Corona on 91 (SR-91 Riverside Fwy) EB at I-15, stopped traffic back to Auto Ctr Dr/Serfas Club Dr #LAtraffic https://t.co/e2e6MWkOvI",-0.08636363636363638,november14_november15
278,1.3274953624630108e+18,"So this is 40 in quarantine #theberners #lifeisgood #quarantinelife #quarantinebirthday #40 @ Rye, New York https://t.co/wf0Liii8rN",0.0,november14_november15
279,1.327495864466641e+18,"My last Zumba class before lockdown is Sunday at 2pm. Gonna make a playlist to make us all forget for 60 minutes!!! Please join me ğŸ’ªğŸ’œğŸµğŸ’ªğŸ’œğŸµ #ZumbaFitness @ Fitness One - Las Cruces, NM https://t.co/rJV9os3Sn1",0.06666666666666668,november14_november15
280,1.3275018739270902e+18,"Eight #masks, four #gloves and one #scarf #ppe in the morning to the gym and afternoon for grocery #washingtondc @ Washington D.C. https://t.co/VugYjf1RwG",-0.1875,november14_november15
281,1.327501965526528e+18,COVID PARTY W/ DJ VIRUS TONIGHT!  ğŸ—£ğŸ¤£ #REGGAETON vs #OldSchoolHipHop #DTLA #LiveDJs @ Downtown Los Angeles https://t.co/8Y99gp70vU,0.0,november14_november15
282,1.3275033384228086e+18,"What else do you do on quarantine. Decorate for Christmas!! ğŸ„ #blacktree #lovethistimeofyearğŸ„ #inthechristmasspirit @ Martinsville, Illinois https://t.co/q4muk4v664",0.0,november14_november15
283,1.3275039531358536e+18,Rainy day fun ğŸ¤© rainy day exhaustion. So glad we got out in case of another lockdownğŸ™ #covid_19 just in case #travels ğŸ’– #daughters âš¾ï¸ @ Sports &amp; Social St. Louis https://t.co/V8t1ztezI0,0.0,november14_november15
284,1.3275079020268872e+18,"Stay safe, wear a mask @ Denver, Colorado https://t.co/AYRY2WIJej",0.0,november14_november15
285,1.3275105847581778e+18,"First time.... #masksup #socialdistancing (at @BowleroBowl in North Brunswick Township, NJ) https://t.co/X1WU8aFw3i",-0.17499999999999996,november14_november15
286,1.3275106553861857e+18,"When you finally graduate from quarantine and get your first @starbucks Christmas cup. ğŸ„â˜•ï¸ #tistheseason @ Bonney Lake, Washington https://t.co/r2YOoYVE1h",0.0,november14_november15
287,1.3275108414872822e+18,"Happy Saturday Night it all Right Movie Night.. waiting for my girls to arrive..
#saturday #movie #movienight #netflix #fun #quarantine @ Los Angeles, California https://t.co/ESADKxKtF3",0.0,november14_november15
288,1.327515395373273e+18,"Clackamas County Escape Retreat ! Stafford Hill Ranch Gated Views and the most beautiful work from home officeğŸ™ğŸ» Presented @terryspraguechristiesir @christiesrealestate @ West Linn, Oregon https://t.co/zfQZi2n6Oq",1.0,november14_november15
289,1.32751612244745e+18,"First date in....COVID? @ Del Mar, California https://t.co/MMlonjWe7a",0.10416666666666667,november14_november15
290,1.327518189618598e+18,"#washyourhands working in #covid_19 ğŸ˜© @ Harford County, Maryland https://t.co/zF2Xwlrejo",0.0,november14_november15
291,1.3275182599066378e+18,"Stay safe, wear a mask @ Denver, Colorado https://t.co/1sfUccsYST",0.09659090909090907,november14_november15
292,1.3275202631693148e+18,"ğŸ¤âœğŸ¼ğŸ˜ˆ #instalike #instadaily #selfie #instagood #quarantine #picoftheday #haters #ghosted #fuckafakefriend #solo #handsome #latinboyz #mexican #sniper #nonewfriends @ Redding, California https://t.co/C0udIZH7QT",0.1,november14_november15
293,1.3275227923974472e+18,"Giving back to the community at Bread of Life, Inc. 
FREE PANDEMIC RELIEF BOXES GIVEAWAY 
THE BREAD OF LIFE 
2019 CRAWFORD STREET DOWNTOWN.
1 BOX PER CAR. 
8AM TO 12NOON OR UNTIL IT'S ALL GONE @ Bread of Life https://t.co/EQgV0TxKMm",-0.05,november14_november15
294,1.327522969996972e+18,"Covid Date Night #Delivery #Amazon dim lights &amp; play instrumental Hip Hop (at @ParachuteResto in Chicago, IL) https://t.co/7yKbIsFwqG https://t.co/BAgz1sMj3G",0.0,november14_november15
295,1.3275243965047603e+18,We found an open restaurant!  Life on lockdown...#weekend #diner #family #dad #BDM #Ira @ Denny's https://t.co/BcTdzXqwes,0.0,november14_november15
296,1.3275255615188664e+18,"Itâ€™s strange, but necessary for restaurants to adapt to the pandemic conditions or be shut down. I was glad to find one of my Dadâ€™s favorite dim sum restaurants was open. @ Nice Day Chinese Seafood And Restaurant https://t.co/jIN7S5NLUC",0.07142857142857142,november14_november15
297,1.3275255625213297e+18,"Carpool and left lanes are closed due to an accident involving a motorcyclist. in #Corona on 91 (SR-91 Riverside Fwy) EB at I-15, stopped traffic back to Auto Ctr Dr/Serfas Club Dr #LAtraffic https://t.co/e2e6MWkOvI",0.033333333333333326,november14_november15
298,1.327525563553104e+18,"Day 243 of #Quarantine (11.14.20): Shout out to Rudy, owner of #TheRetroFix! He had this complete #Nintendo #3DS #Megaman Legacy Collection! And I had to add it to my growing collection of all things Megaman! https://t.co/Q93jDeaMC9",0.05,november14_november15
299,1.32752725690701e+18,"A splash of art during #covid19 #scottsdale @ Scottsdale, Arizona https://t.co/jtpLVhKvXL",0.13333333333333333,november14_november15
300,1.3275275150328586e+18,Great place to escape the pandemic #teterrock #flinthills - Kansas #jeeprubicon @ Teter Rock https://t.co/Z5Oe2qUUzX,0.4,november14_november15
301,1.3275275491619185e+18,"â€¢wear a maskâ€¢ @ Nashville, Tennessee https://t.co/HXfyMCaOSk",0.27878787878787875,november14_november15
302,1.3275283281447117e+18,ğŸ–¼Things werenâ€™t the same at the museum without grandmağŸ˜­ #covid_19 sucksğŸ¤¬ @paige_akers @jjmergdbd11 Plus...I have to be the chauffeurğŸ¤¦â€â™€ï¸ @ Saint Louis Art Museum https://t.co/dJHqJqzwGf,0.1,november14_november15
303,1.3275293684077158e+18,"I will beat COVID @ Wickliffe, Ohio https://t.co/NlxIzehujF",0.0,november14_november15
